"log"[Jones, David] (Maryland) - Expanded disintermediate monitoring
"log"[Harrington, Elizabeth] (Oklahoma) - Expanded discrete productivity
"log"[Thompson, Robin] (Mississippi) - Front-line 4thgeneration open system
"log"[Diaz, Brandon] (New York) - Down-sized maximized time-frame
"log"[Atkins, Timothy] (New York) - Re-contextualized national service-desk
"log"[Perry, Eugene] (Indiana) - Expanded zero tolerance algorithm
"log"[Davis, Ashley] (South Dakota) - Decentralized client-server approach
"log"[Martin, Matthew] (Louisiana) - Advanced optimal hardware
"log"[Terry, Billy] (Kentucky) - Enterprise-wide value-added leverage
"log"[Ross, Dustin] (Georgia) - Balanced human-resource leverage
"log"[Rodriguez, Matthew] (Tennessee) - Networked dynamic database
"log"[Padilla, Jacob] (South Carolina) - Inverse secondary hierarchy
"log"[Simpson, Matthew] (Maine) - Integrated client-server toolset
"log"[Mitchell, Daniel] (South Dakota) - Enterprise-wide dedicated capability
"log"[Moody, Jonathan] (Illinois) - De-engineered system-worthy open architecture
"log"[Rose, Jason] (Connecticut) - Organic homogeneous moratorium
"log"[Curry, Amy] (Oregon) - Multi-tiered empowering challenge
"log"[Hayden, Jennifer] (Rhode Island) - Diverse bifurcated capability
"log"[Valenzuela, Gregory] (Kentucky) - Up-sized 3rdgeneration methodology
"log"[Ochoa, James] (West Virginia) - Realigned mission-critical project
"log"[Ramos, Samantha] (Alabama) - Cloned methodical middleware
"log"[Turner, Crystal] (Oregon) - Distributed solution-oriented concept
"log"[Hill, James] (Missouri) - Open-architected modular matrix
"log"[Nelson, Lauren] (Indiana) - Public-key object-oriented projection
"log"[Adams, Lucas] (Vermont) - User-friendly zero administration open architecture
"log"[Williams, David] (Vermont) - Reactive static analyzer
"log"[Gordon, Christopher] (Texas) - Optimized non-volatile hub
"log"[Bray, Crystal] (Maryland) - Future-proofed composite attitude
"log"[Phillips, Scott] (Maine) - Operative encompassing info-mediaries
"log"[Hall, Elizabeth] (Idaho) - Sharable fresh-thinking system engine
"log"[Parker, Stephen] (Massachusetts) - User-centric modular encoding
"log"[Foster, Michael] (North Dakota) - Synergized methodical capability
"log"[Burns, Claudia] (Montana) - Balanced contextually-based functionalities
"log"[Johnson, Anthony] (Nevada) - Progressive multi-tasking parallelism
"log"[Villa, Stephanie] (Connecticut) - Down-sized human-resource extranet
"log"[Smith, Timothy] (Maine) - Right-sized dedicated task-force
"log"[Jones, Melanie] (Hawaii) - Versatile tertiary customer loyalty
"log"[Park, Brian] (New Mexico) - Configurable national support
"log"[Hill, Scott] (Maine) - Horizontal zero administration open architecture
"log"[Williams, Nicole] (South Carolina) - Integrated motivating moderator
"log"[Collins, Heather] (Idaho) - Profit-focused zero tolerance benchmark
"log"[Anderson, Joseph] (New Hampshire) - Vision-oriented analyzing infrastructure
"log"[Velez, Jennifer] (Rhode Island) - Progressive next generation application
"log"[Baxter, Derek] (Minnesota) - Reverse-engineered asymmetric secured line
"log"[Garcia, Charles] (Massachusetts) - Diverse 24/7 access
"log"[Griffin, Tina] (Idaho) - Extended 24hour portal
"log"[Fleming, Donald] (Oklahoma) - Self-enabling zero administration functionalities
"log"[Goodwin, Melinda] (New Jersey) - Configurable multi-tasking database
"log"[Harrell, Sydney] (Louisiana) - User-centric bandwidth-monitored service-desk
"log"[Lawson, Sergio] (Louisiana) - Upgradable 24/7 superstructure
"log"[Smith, Maria] (Pennsylvania) - Phased eco-centric info-mediaries
"log"[Villanueva, Shannon] (New Jersey) - Object-based even-keeled structure
"log"[Vaughn, Jessica] (New Hampshire) - Synergized real-time data-warehouse
"log"[Jefferson, Christopher] (Vermont) - Programmable client-server framework
"log"[Fuller, Lisa] (New York) - Open-source multimedia Graphical User Interface
"log"[Guzman, Mark] (Mississippi) - Optimized system-worthy conglomeration
"log"[Allen, Kevin] (Virginia) - Enhanced eco-centric artificial intelligence
"log"[Miller, Tonya] (West Virginia) - Future-proofed content-based challenge
"log"[Foster, Matthew] (Arizona) - Implemented empowering attitude
"log"[Weber, Stephanie] (North Dakota) - Customer-focused global Graphic Interface
"log"[James, Susan] (Pennsylvania) - Self-enabling reciprocal moratorium
"log"[Washington, Kathryn] (South Dakota) - Profound grid-enabled open architecture
"log"[Davis, Jill] (Utah) - Compatible hybrid hierarchy
"log"[Duncan, Kristina] (Tennessee) - Cloned zero administration analyzer
"log"[Sutton, Ivan] (Oregon) - Multi-lateral bi-directional time-frame
"log"[Smith, Ricardo] (New York) - Persistent bottom-line throughput
"log"[Morris, Daniel] (Utah) - Optional local middleware
"log"[Sims, Amanda] (Massachusetts) - Re-engineered systemic workforce
"log"[Schultz, Sheila] (New York) - Public-key 24/7 secured line
"log"[Robinson, Jaclyn] (Nebraska) - Open-architected needs-based leverage
"log"[Smith, Shannon] (South Carolina) - Multi-tiered real-time extranet
"log"[Massey, Ronald] (Indiana) - Seamless eco-centric success
"log"[Johnson, Betty] (Alaska) - Visionary mission-critical protocol
"log"[Garcia, Michael] (South Carolina) - Mandatory coherent groupware
"log"[Smith, Olivia] (West Virginia) - Intuitive local productivity
"log"[Brown, Christopher] (Minnesota) - Reduced stable groupware
"log"[Coleman, Jacob] (New Mexico) - Stand-alone national artificial intelligence
"log"[Shelton, Benjamin] (Virginia) - Organized high-level toolset
"log"[Lloyd, Roy] (Kansas) - Cloned foreground productivity
"log"[Hart, Bobby] (Illinois) - Function-based reciprocal approach
"log"[Graham, Jennifer] (Virginia) - Innovative responsive success
"log"[Ritter, Jennifer] (Idaho) - Innovative next generation encryption
"log"[Garcia, Tiffany] (Idaho) - Cloned attitude-oriented knowledgebase
"log"[Townsend, Rhonda] (Pennsylvania) - Multi-lateral motivating task-force
"log"[Fisher, John] (New York) - Total demand-driven parallelism
"log"[Rodriguez, Amber] (Nebraska) - Operative methodical encryption
"log"[Patel, Traci] (Wisconsin) - Reactive client-server knowledgebase
"log"[Strickland, Karen] (Iowa) - Adaptive multi-tasking throughput
"log"[Price, Duane] (Arizona) - Multi-layered modular analyzer
"log"[Calhoun, Victoria] (Texas) - Inverse full-range attitude
"log"[Palmer, Claire] (Indiana) - Total human-resource array
"log"[Guerrero, Zachary] (Maine) - Realigned asymmetric application
"log"[Lewis, Harold] (Iowa) - Total 4thgeneration focus group
"log"[Palmer, Robert] (Vermont) - Ergonomic 4thgeneration infrastructure
"log"[Dyer, Mark] (Minnesota) - Focused logistical utilization
"log"[Huffman, Melissa] (New Mexico) - Progressive real-time neural-net
"log"[Graves, Anthony] (Mississippi) - Optimized 24/7 approach
"log"[Perez, Joshua] (Vermont) - Face-to-face composite success
"log"[Henry, Blake] (Vermont) - Pre-emptive real-time Graphic Interface
"log"[Ware, Susan] (Missouri) - Persevering mobile functionalities
